course_title,course_organization,course_certificate_type,course_rating,course_difficulty
ISC Systems Security Certified Practitioner (SSCP),ISC,SPECIALIZATION,4.7,Beginner
A Crash Course in Causality:  Inferring Causal Effects from Observational Data,University of Pennsylvania,COURSE,4.7,Intermediate
A Crash Course in Data Science,Johns Hopkins University,COURSE,4.5,Mixed
A Law Student's Toolkit,Yale University,COURSE,4.7,Mixed
A Life of Happiness and Fulfillment,Indian School of Business,COURSE,4.8,Mixed
ADHD: Everyday Strategies for Elementary Students,University at Buffalo,COURSE,4.7,Beginner
AI For Everyone,deeplearning.ai,COURSE,4.8,Beginner
AI For Medical Treatment,deeplearning.ai,COURSE,4.8,Intermediate
AI Foundations for Everyone,IBM,SPECIALIZATION,4.7,Beginner
AI for Medical Diagnosis,deeplearning.ai,COURSE,4.7,Intermediate
AI for Medical Prognosis,deeplearning.ai,COURSE,4.6,Intermediate
AI for Medicine,deeplearning.ai,SPECIALIZATION,4.7,Intermediate
AWS Fundamentals,Amazon Web Services,SPECIALIZATION,4.6,Beginner
AWS Fundamentals: Addressing Security Risk,Amazon Web Services,COURSE,4.3,Beginner
AWS Fundamentals: Building Serverless Applications,Amazon Web Services,COURSE,4.7,Beginner
AWS Fundamentals: Going Cloud-Native,Amazon Web Services,COURSE,4.7,Beginner
AWS Fundamentals: Migrating to the Cloud,Amazon Web Services,COURSE,4.5,Intermediate
Aboriginal Worldviews and Education,University of Toronto,COURSE,4.7,Mixed
Academic English: Writing,"University of California, Irvine",SPECIALIZATION,4.7,Beginner
Accelerated Computer Science Fundamentals,University of Illinois at Urbana-Champaign,SPECIALIZATION,4.7,Intermediate
Access Controls,(ISC)²,COURSE,4.6,Beginner
Accounting Analytics,University of Pennsylvania,COURSE,4.5,Mixed
Accounting for Decision Making,University of Michigan,COURSE,4.8,Intermediate
Achieving Personal and Professional Success,University of Pennsylvania,SPECIALIZATION,4.7,Beginner
Actualización en el manejo del paciente con diabetes mellitus tipo 2,Universidad Nacional Autónoma de México,COURSE,4.8,Mixed
Addiction Treatment: Clinical Skills for Healthcare Providers,Yale University,COURSE,4.8,Beginner
Advanced Business Analytics,University of Colorado Boulder,SPECIALIZATION,4.5,Intermediate
Advanced Data Science with IBM,IBM,SPECIALIZATION,4.4,Advanced
Advanced Machine Learning,National Research University Higher School of Economics,SPECIALIZATION,4.5,Advanced
Advanced Machine Learning with TensorFlow on Google Cloud Platform,Google Cloud,SPECIALIZATION,4.5,Advanced
"Advanced Valuation and Strategy - M&A, Private Equity, and Venture Capital",Erasmus University Rotterdam,COURSE,4.7,Advanced
Advertising and Society,Duke University,COURSE,4.8,Mixed
Age of Cathedrals,Yale University,COURSE,4.7,Beginner
Agile Development,University of Virginia,SPECIALIZATION,4.7,Beginner
Agile Meets Design Thinking,University of Virginia,COURSE,4.7,Beginner
Agile with Atlassian Jira,Atlassian,COURSE,4.7,Beginner
Agile и Scrum в работе над проектами и продуктами,ScrumTrek,COURSE,4.9,Beginner
Algorithmic Toolbox,University of California San Diego,COURSE,4.7,Intermediate
Algorithms,Stanford University,SPECIALIZATION,4.8,Intermediate
Algorithms for Battery Management Systems,University of Colorado System,SPECIALIZATION,4.8,Intermediate
American Contract Law I,Yale University,COURSE,4.9,Beginner
An Introduction to American Law,University of Pennsylvania,COURSE,4.8,Beginner
An Introduction to Consumer Neuroscience & Neuromarketing,Copenhagen Business School,COURSE,4.7,Beginner
An Introduction to Programming the Internet of Things (IOT),"University of California, Irvine",SPECIALIZATION,4.6,Beginner
Analysing: Numeric and digital literacies,Macquarie University,SPECIALIZATION,4.6,Beginner
Anatomy,University of Michigan,SPECIALIZATION,4.8,Beginner
"Anatomy of the Chest, Abdomen, and Pelvis",Yale University,COURSE,4.8,Intermediate
Anatomy: Musculoskeletal and Integumentary Systems,University of Michigan,COURSE,4.8,Beginner
Ancient Philosophy: Aristotle and His Successors,University of Pennsylvania,COURSE,4.8,Mixed
Android App Development,Vanderbilt University,SPECIALIZATION,4.5,Beginner
Animal Behaviour and Welfare,The University of Edinburgh,COURSE,4.8,Mixed
Antibiotic Stewardship,Stanford University,COURSE,4.5,Advanced
Anticorrupción: Introducción a conceptos y perspectiva práctica,Universidad Nacional Autónoma de México,COURSE,4.8,Beginner
Antimicrobial resistance - theory and methods,Technical University of Denmark (DTU),COURSE,4.6,Intermediate
Applied Data Science,IBM,SPECIALIZATION,4.6,Beginner
Applied Data Science Capstone,IBM,COURSE,4.7,Intermediate
Applied Data Science with Python,University of Michigan,SPECIALIZATION,4.5,Intermediate
Applied Machine Learning in Python,University of Michigan,COURSE,4.6,Intermediate
"Applied Plotting, Charting & Data Representation in Python",University of Michigan,COURSE,4.6,Intermediate
Aprende a programar con Python,Universidad Austral,SPECIALIZATION,4.2,Beginner
Aprender,Universidad Nacional Autónoma de México,COURSE,4.8,Mixed
Aprendiendo a aprender: Poderosas herramientas mentales con las que podrás dominar temas difíciles (Learning How to Learn),University of California San Diego,COURSE,4.9,Beginner
Architecting with Google Cloud Platform 日本語版,Google Cloud,SPECIALIZATION,4.5,Intermediate
Architecting with Google Compute Engine,Google Cloud,SPECIALIZATION,4.7,Intermediate
Architecting with Google Kubernetes Engine 日本語版,Google Cloud,SPECIALIZATION,4.5,Beginner
Arizona State University TESOL,Arizona State University,PROFESSIONAL CERTIFICATE,4.9,Beginner
Art & Activity: Interactive Strategies for Engaging with Art,The Museum of Modern Art,COURSE,4.8,Mixed
Art & Ideas: Teaching with Themes,The Museum of Modern Art,COURSE,4.8,Mixed
Arts and Culture Strategy,National Arts Strategies,COURSE,4.6,Mixed
Arts and Heritage Management,Università Bocconi,COURSE,4.8,Mixed
Aspectos básicos de la planificación y la gestión de proyectos,University of Virginia,COURSE,4.9,Beginner
Astrobiology and the Search for Extraterrestrial Life,The University of Edinburgh,COURSE,4.7,Mixed
Atención Primaria en Salud: El desafío de las Enfermedades no Transmisibles,Pontificia Universidad Católica de Chile,COURSE,4.8,Intermediate
Autism Spectrum Disorder,"University of California, Davis",COURSE,4.6,Mixed
Autodesk CAD/CAM for Manufacturing,Autodesk,SPECIALIZATION,4.8,Intermediate
Autodesk CAD/CAM/CAE for Mechanical Engineering,Autodesk,SPECIALIZATION,4.8,Intermediate
Autodesk Certified Professional: AutoCAD for Design and Drafting Exam Prep,Autodesk,COURSE,4.7,Advanced
Autodesk Certified Professional: Revit for Architectural Design Exam Prep,Autodesk,COURSE,4.7,Advanced
BIM Fundamentals for Engineers,National Taiwan University,COURSE,4.6,Beginner
Basic Statistics,University of Amsterdam,COURSE,4.6,Beginner
Bayesian Statistics: From Concept to Data Analysis,"University of California, Santa Cruz",COURSE,4.8,Intermediate
Bayesian Statistics: Techniques and Models,"University of California, Santa Cruz",COURSE,4.8,Intermediate
Become a CBRS Certified Professional Installer by Google,Google - Spectrum Sharing,COURSE,4.9,Mixed
Become a Journalist: Report the News!,Michigan State University,SPECIALIZATION,4.7,Beginner
Become a Sustainable Business Change Agent,University of Colorado System,SPECIALIZATION,4.7,Intermediate
Becoming a Sports Agent,Case Western Reserve University,COURSE,4.7,Beginner
Becoming a changemaker: Introduction to Social Innovation,University of Cape Town,COURSE,4.8,Beginner
Behavioral Finance,Duke University,COURSE,4.4,Mixed
Beyond the Sustainable Development Goals (SDGs): Addressing Sustainability and Development,University of Michigan,COURSE,4.6,Mixed
Big Data – Introducción al uso práctico de datos masivos,Universitat Autònoma de Barcelona,SPECIALIZATION,4.5,Beginner
Biohacking Your Brain's Health,Emory University,COURSE,4.6,Beginner
Biology Meets Programming: Bioinformatics for Beginners,University of California San Diego,COURSE,4.4,Beginner
Biostatistics in Public Health,Johns Hopkins University,SPECIALIZATION,4.8,Beginner
Blended Language Learning: Design and Practice for Teachers,University of Colorado Boulder,COURSE,4.8,Intermediate
Blockchain,University at Buffalo,SPECIALIZATION,4.6,Intermediate
Blockchain Revolution,INSEAD,SPECIALIZATION,4.7,Beginner
Blockchain Revolution in Financial Services,INSEAD,SPECIALIZATION,4.6,Beginner
Blockchain: Foundations and Use Cases,ConsenSys Academy,COURSE,4.7,Beginner
Boosting Creativity for Innovation,HEC Paris,COURSE,4.9,Beginner
"Brand Management: Aligning Business, Brand and Behaviour",London Business School,COURSE,4.9,Beginner
Branding: The Creative Journey,IE Business School,SPECIALIZATION,4.6,Beginner
Budgeting and Scheduling Projects,"University of California, Irvine",COURSE,4.7,Mixed
Bugs 101: Insect-Human Interactions,University of Alberta,COURSE,4.9,Beginner
Build a Modern Computer from First Principles: From Nand to Tetris (Project-Centered Course),Hebrew University of Jerusalem,COURSE,4.9,Mixed
Building Batch Data Pipelines on GCP,Google Cloud,COURSE,4.5,Intermediate
Building Conversational Experiences with Dialogflow,Google Cloud,COURSE,4.5,Beginner
Building Resilient Streaming Analytics Systems on GCP,Google Cloud,COURSE,4.6,Intermediate
Building Scalable Java Microservices with Spring Boot and Spring Cloud,Google Cloud,COURSE,4.3,Intermediate
Building Your Leadership Skills,HEC Paris,COURSE,4.5,Mixed
Business Analytics,University of Pennsylvania,SPECIALIZATION,4.6,Beginner
Business English,Arizona State University,SPECIALIZATION,4.7,Intermediate
Business English Communication Skills,University of Washington,SPECIALIZATION,4.7,Intermediate
Business English: Networking,University of Washington,COURSE,4.7,Intermediate
Business Foundations,University of Pennsylvania,SPECIALIZATION,4.7,Beginner
Business Model Innovation,HEC Paris,COURSE,4.7,Mixed
Business Statistics and Analysis,Rice University,SPECIALIZATION,4.7,Beginner
Business Strategies for A Better World,University of Pennsylvania,SPECIALIZATION,4.7,Beginner
Business Strategy,University of Virginia,SPECIALIZATION,4.7,Beginner
Business Technology Management,Indian School of Business,SPECIALIZATION,4.5,Beginner
Business Transformation with Google Cloud,Google Cloud,COURSE,4.7,Beginner
Business Writing,University of Colorado Boulder,COURSE,4.8,Beginner
Business and Financial Modeling,University of Pennsylvania,SPECIALIZATION,4.5,Beginner
C for Everyone: Programming Fundamentals,"University of California, Santa Cruz",COURSE,4.5,Beginner
C# Programming for Unity Game Development,University of Colorado System,SPECIALIZATION,4.7,Beginner
COVID-19 Contact Tracing,Johns Hopkins University,COURSE,4.9,Beginner
COVID-19: What You Need to Know (CME Eligible),Osmosis,COURSE,4.8,Beginner
"Cameras, Exposure, and Photography",Michigan State University,COURSE,4.7,Mixed
Camino a la Excelencia en Gestión de Proyectos,Pontificia Universidad Católica de Chile,COURSE,4.7,Beginner
"Capstone: Retrieving, Processing, and Visualizing Data with Python",University of Michigan,COURSE,4.6,Mixed
Career Success,"University of California, Irvine",SPECIALIZATION,4.4,Beginner
Challenging Forensic Science: How Science Should Speak to Court,University of Lausanne,COURSE,4.8,Beginner
Chemicals and Health,Johns Hopkins University,COURSE,4.7,Beginner
Chicken Behaviour and Welfare,The University of Edinburgh,COURSE,4.7,Mixed
Child Nutrition and Cooking,Stanford University,COURSE,4.7,Beginner
Chinese for HSK 1,Peking University,COURSE,4.8,Beginner
Cisco Networking Basics,Cisco,SPECIALIZATION,4.7,Beginner
Classical Sociological Theory,University of Amsterdam,COURSE,4.8,Mixed
Claves de la Dirección de Empresas,IESE Business School,SPECIALIZATION,4.8,Beginner
Climate Change and Health: From Science to Action,Yale University,SPECIALIZATION,4.6,Beginner
Clinical Terminology for International and U.S. Students,University of Pittsburgh,COURSE,4.8,Beginner
Cloud Computing,University of Illinois at Urbana-Champaign,SPECIALIZATION,4.4,Intermediate
Cloud Computing Basics (Cloud 101),LearnQuest,COURSE,4.5,Beginner
Cloud Engineering with Google Cloud,Google Cloud,PROFESSIONAL CERTIFICATE,4.7,Intermediate
Coaching Skills for Managers,"University of California, Davis",SPECIALIZATION,4.7,Intermediate
Code Yourself! An Introduction to Programming,The University of Edinburgh,COURSE,4.7,Beginner
Communication Skills for Engineers,Rice University,SPECIALIZATION,4.7,Beginner
Communication Strategies for a Virtual Age,University of Toronto,COURSE,4.8,Beginner
Compassionate Leadership Through Service Learning with Jane Goodall and Roots & Shoots,University of Colorado Boulder,COURSE,4.9,Beginner
"Competencias digitales. Herramientas de ofimática (Microsoft Word, Excel, Power Point)",Universitat Autònoma de Barcelona,COURSE,4.7,Beginner
Competitive Strategy and Organization Design,Ludwig-Maximilians-Universität München (LMU),SPECIALIZATION,4.7,Intermediate
Computational Social Science,"University of California, Davis",SPECIALIZATION,4.6,Beginner
Computational Thinking for Problem Solving,University of Pennsylvania,COURSE,4.8,Beginner
Computer Security and Systems Management,University of Colorado System,SPECIALIZATION,4.6,Beginner
Conflict Management,"University of California, Irvine",SPECIALIZATION,4.3,Beginner
Construction Cost Estimating and Cost Control,Columbia University,COURSE,4.7,Beginner
Construction Management,Columbia University,SPECIALIZATION,4.7,Beginner
Construction Project Management,Columbia University,COURSE,4.8,Beginner
Construction Scheduling,Columbia University,COURSE,4.8,Beginner
Contabilidad para no contadores,Universidad Nacional Autónoma de México,COURSE,4.7,Beginner
Content Strategy for Professionals,Northwestern University,SPECIALIZATION,4.5,Beginner
Continuous Delivery & DevOps,University of Virginia,COURSE,4.6,Beginner
Control of Mobile Robots,Georgia Institute of Technology,COURSE,4.8,Mixed
Convolutional Neural Networks,deeplearning.ai,COURSE,4.9,Intermediate
Convolutional Neural Networks in TensorFlow,deeplearning.ai,COURSE,4.7,Intermediate
Corporate & Commercial Law I: Contracts & Employment Law,University of Illinois at Urbana-Champaign,COURSE,4.8,Intermediate
Corporate Finance Essentials,IESE Business School,COURSE,4.8,Mixed
Corporate Strategy,UCL School of Management,COURSE,4.8,Beginner
Corporate Sustainability. Understanding and Seizing the Strategic Opportunity,Università Bocconi,COURSE,4.6,Mixed
"Corrección, estilo y  variaciones de la lengua española",Universitat Autònoma de Barcelona,COURSE,4.6,Beginner
Cost and Economics in Pricing Strategy,University of Virginia,COURSE,4.8,Beginner
Costos para los Negocios,Universidad de Chile,COURSE,4.8,Intermediate
Crash Course on Python,Google,COURSE,4.8,Beginner
Creative Problem Solving,University of Minnesota,COURSE,4.3,Mixed
Creative Writing,Wesleyan University,SPECIALIZATION,4.6,Beginner
Creative Writing: The Craft of Plot,Wesleyan University,COURSE,4.7,Mixed
"Creatividad, diseño e innovación: Técnicas y herramientas",Arizona State University,SPECIALIZATION,4.7,Beginner
Cuidado de heridas en el ámbito hospitalario,Universidad Nacional Autónoma de México,COURSE,4.8,Intermediate
Cuidados y procedimientos generales en la atención del recién nacido,Universidad de Chile,COURSE,4.8,Intermediate
Culture-Driven Team Building,University of Pennsylvania,SPECIALIZATION,4.6,Beginner
Curanderismo: Traditional Healing Using Plants,University of New Mexico,COURSE,4.6,Beginner
Customer Segmentation and Prospecting,Northwestern University,COURSE,4.7,Beginner
Cybersecurity,"University of Maryland, College Park",SPECIALIZATION,4.5,Intermediate
Cybersecurity and Its Ten Domains,University System of Georgia,COURSE,4.2,Beginner
Cybersecurity for Business,University of Colorado System,SPECIALIZATION,4.6,Beginner
Cómo hablar bien en público,Universitat Autònoma de Barcelona,COURSE,4.8,Beginner
Dairy Production and Management,The Pennsylvania State University,COURSE,4.8,Mixed
Data Analysis and Interpretation,Wesleyan University,SPECIALIZATION,4.4,Beginner
Data Analysis and Presentation Skills: the PwC Approach,PwC,SPECIALIZATION,4.6,Beginner
Data Analysis with Python,IBM,COURSE,4.7,Beginner
Data Analytics for Lean Six Sigma,University of Amsterdam,COURSE,4.8,Beginner
Data Collection and Processing with Python,University of Michigan,COURSE,4.7,Intermediate
Data Engineering on Google Cloud Platform 日本語版,Google Cloud,SPECIALIZATION,4.4,Intermediate
Data Engineering with Google Cloud,Google Cloud,PROFESSIONAL CERTIFICATE,4.6,Intermediate
"Data Engineering, Big Data, and Machine Learning on GCP",Google Cloud,SPECIALIZATION,4.6,Intermediate
Data Management for Clinical Research,Vanderbilt University,COURSE,4.7,Beginner
Data Mining,University of Illinois at Urbana-Champaign,SPECIALIZATION,4.4,Intermediate
Data Science,Johns Hopkins University,SPECIALIZATION,4.5,Beginner
Data Science Math Skills,Duke University,COURSE,4.5,Beginner
Data Science Methodology,IBM,COURSE,4.6,Beginner
Data Science: Foundations using R,Johns Hopkins University,SPECIALIZATION,4.6,Beginner
Data Science: Statistics and Machine Learning,Johns Hopkins University,SPECIALIZATION,4.4,Intermediate
Data Visualization and Communication with Tableau,Duke University,COURSE,4.7,Mixed
Data Visualization with Advanced Excel,PwC,COURSE,4.8,Beginner
Data Visualization with Python,IBM,COURSE,4.6,Intermediate
Data Visualization with Tableau,"University of California, Davis",SPECIALIZATION,4.5,Beginner
Data Warehousing for Business Intelligence,University of Colorado System,SPECIALIZATION,4.5,Advanced
Data and Health Indicators in Public Health Practice,Johns Hopkins University,COURSE,4.7,Beginner
Data-driven Decision Making,PwC,COURSE,4.6,Beginner
Databases and SQL for Data Science,IBM,COURSE,4.7,Beginner
De-Mystifying Mindfulness,Universiteit Leiden,COURSE,4.8,Beginner
Decision-Making and Scenarios,University of Pennsylvania,COURSE,4.6,Mixed
Deep Learning,deeplearning.ai,SPECIALIZATION,4.8,Intermediate
Democracia y decisiones públicas. Introducción al análisis de políticas públicas,Universitat Autònoma de Barcelona,COURSE,4.8,Beginner
Dentistry 101,University of Michigan,COURSE,4.7,Beginner
Dermatology: Trip to skin,Novosibirsk State University ,COURSE,4.4,Beginner
Design Thinking for Innovation,University of Virginia,COURSE,4.6,Beginner
Design Thinking for the Greater Good: Innovation in the Social Sector,University of Virginia,COURSE,4.6,Beginner
Design and Interpretation of Clinical Trials,Johns Hopkins University,COURSE,4.7,Mixed
Design and Make Infographics (Project-Centered Course),Michigan State University,COURSE,4.7,Mixed
Design-Led Strategy: Design thinking for business strategy and entrepreneurship,The University of Sydney,COURSE,4.6,Intermediate
Developing APIs with Google Cloud's Apigee API Platform,Google Cloud,SPECIALIZATION,4.6,Intermediate
Developing Applications with Google Cloud Platform,Google Cloud,SPECIALIZATION,4.7,Intermediate
Developing Applications with Google Cloud Platform 日本語版,Google Cloud,SPECIALIZATION,4.8,Intermediate
Developing Industrial Internet of Things,University of Colorado Boulder,SPECIALIZATION,4.6,Intermediate
Developing Your Musicianship,Berklee College of Music,COURSE,4.8,Mixed
Developing Your Musicianship,Berklee College of Music,SPECIALIZATION,4.8,Beginner
Devenir entrepreneur du changement,Ticket for Change,COURSE,4.7,Mixed
Digital Advertising Strategy,University of Colorado Boulder,SPECIALIZATION,4.4,Beginner
Digital Business Models,Lund University,COURSE,4.5,Beginner
Digital Manufacturing & Design Technology,University at Buffalo,SPECIALIZATION,4.6,Beginner
Digital Marketing,University of Illinois at Urbana-Champaign,SPECIALIZATION,4.6,Beginner
Digital Media and Marketing Strategies,University of Illinois at Urbana-Champaign,COURSE,4.4,Mixed
Digital Product Management,University of Virginia,SPECIALIZATION,4.7,Beginner
Digital Product Management: Modern Fundamentals,University of Virginia,COURSE,4.7,Beginner
Dino 101: Dinosaur Paleobiology,University of Alberta,COURSE,4.5,Beginner
Discrete Optimization,The University of Melbourne,COURSE,4.9,Intermediate
Diseño Instruccional: Aprendizaje activo y Pedagogía digital,Tecnológico de Monterrey,SPECIALIZATION,4.6,Beginner
Diseño y Creación de un Emprendimiento Social,Pontificia Universidad Católica de Chile,COURSE,4.9,Beginner
"Divide and Conquer, Sorting and Searching, and Randomized Algorithms",Stanford University,COURSE,4.8,Intermediate
Dog Emotion and Cognition,Duke University,COURSE,4.6,Mixed
Driving business towards the Sustainable Development Goals,Erasmus University Rotterdam,COURSE,4.8,Beginner
Drug Commercialization,University of California San Diego,COURSE,4.7,Beginner
Drug Discovery,University of California San Diego,COURSE,4.6,Beginner
Dynamic Public Speaking,University of Washington,SPECIALIZATION,4.7,Beginner
EMT Foundations,University of Colorado System,COURSE,4.8,Beginner
Ecology: Ecosystem Dynamics and Conservation,American Museum of Natural History,COURSE,4.8,Intermediate
Econometrics: Methods and Applications,Erasmus University Rotterdam,COURSE,4.7,Mixed
Economics of Money and Banking,Columbia University,COURSE,4.9,Mixed
Ecosystem Services: a Method for Sustainable Development,University of Geneva,COURSE,4.7,Intermediate
Effective Compliance Programs,University of Pennsylvania,COURSE,4.9,Mixed
Egiptología (Egyptology),Universitat Autònoma de Barcelona,COURSE,4.9,Beginner
El Abogado del Futuro: Legaltech y la Transformación Digital del Derecho,Universidad Austral,COURSE,5,Beginner
Elastic Google Cloud Infrastructure: Scaling and Automation,Google Cloud,COURSE,4.7,Intermediate
Electric Industry Operations and Markets,Duke University,COURSE,4.8,Beginner
Electronic Music Production,Berklee College of Music,SPECIALIZATION,4.8,Intermediate
Emerging Technologies: From Smartphones to IoT to Big Data,Yonsei University,SPECIALIZATION,4.6,Beginner
"Energy Production, Distribution & Safety",University at Buffalo,SPECIALIZATION,4.7,Beginner
Engineering Health: Introduction to Yoga and Physiology,New York University,COURSE,4.8,Beginner
Engineering Project Management: Initiating and Planning,Rice University,COURSE,4.7,Beginner
English Composition I,Duke University,COURSE,4.6,Beginner
English for Business and Entrepreneurship,University of Pennsylvania,COURSE,4.8,Beginner
English for Career Development,University of Pennsylvania,COURSE,4.8,Mixed
English for Journalism,University of Pennsylvania,COURSE,4.8,Mixed
English for Research Publication Purposes,Moscow Institute of Physics and Technology,SPECIALIZATION,4.6,Intermediate
"English for Science, Technology, Engineering, and Mathematics",University of Pennsylvania,COURSE,4.8,Beginner
Enterprise Architecture,Peter the Great St. Petersburg Polytechnic University,COURSE,4.4,Beginner
Entrepreneurial Finance: Strategy and Innovation,Duke University,SPECIALIZATION,4.5,Intermediate
Entrepreneurship,University of Pennsylvania,SPECIALIZATION,4.8,Beginner
Entrepreneurship 1: Developing the Opportunity,University of Pennsylvania,COURSE,4.8,Mixed
Entrepreneurship 2: Launching your Start-Up,University of Pennsylvania,COURSE,4.8,Mixed
Entrepreneurship 3: Growth Strategies,University of Pennsylvania,COURSE,4.7,Beginner
Entrepreneurship Strategy: From Ideation to Exit,HEC Paris,COURSE,4.8,Beginner
Entrepreneurship: Launching an Innovative Business,"University of Maryland, College Park",SPECIALIZATION,4.6,Beginner
Epidemics - the Dynamics of Infectious Diseases,The Pennsylvania State University,COURSE,4.8,Mixed
"Epidemics, Pandemics and Outbreaks",University of Pittsburgh,COURSE,4.7,Mixed
Epidemiology for Public Health,Imperial College London,SPECIALIZATION,4.7,Beginner
Epidemiology in Public Health Practice,Johns Hopkins University,SPECIALIZATION,4.7,Beginner
Epidemiology: The Basic Science of Public Health,The University of North Carolina at Chapel Hill,COURSE,4.6,Mixed
Epigenetic Control of Gene Expression,The University of Melbourne,COURSE,4.8,Mixed
Equine Welfare and Management,"University of California, Davis",COURSE,4.8,Beginner
Esports,"University of California, Irvine",SPECIALIZATION,4.5,Beginner
Essential Epidemiologic Tools for Public Health Practice,Johns Hopkins University,COURSE,4.7,Beginner
Essential Google Cloud Infrastructure: Core Services,Google Cloud,COURSE,4.7,Intermediate
Essential Google Cloud Infrastructure: Foundation,Google Cloud,COURSE,4.7,Intermediate
Essentials in Clinical Simulations Across the Health Professions,The George Washington University,COURSE,4.8,Intermediate
Essentials of Corporate Finance,The University of Melbourne,SPECIALIZATION,4.6,Intermediate
Essentials of Global Health,Yale University,COURSE,4.8,Mixed
Estadística y probabilidad,Universidad Nacional Autónoma de México,COURSE,4.7,Beginner
Evaluación educativa,Universidad Nacional Autónoma de México,SPECIALIZATION,4.8,Beginner
"Everyday Excel, Part 1",University of Colorado Boulder,COURSE,4.8,Beginner
Everyday Parenting: The ABCs of Child Rearing,Yale University,COURSE,4.9,Beginner
Excel Skills for Business,Macquarie University,SPECIALIZATION,4.9,Beginner
Excel Skills for Business: Advanced,Macquarie University,COURSE,4.7,Intermediate
Excel Skills for Business: Essentials,Macquarie University,COURSE,4.9,Beginner
Excel Skills for Business: Intermediate I,Macquarie University,COURSE,4.9,Intermediate
Excel Skills for Business: Intermediate II,Macquarie University,COURSE,4.8,Intermediate
Excel to MySQL: Analytic Techniques for Business,Duke University,SPECIALIZATION,4.6,Beginner
Excel/VBA for Creative Problem Solving,University of Colorado Boulder,SPECIALIZATION,4.8,Beginner
"Excel/VBA for Creative Problem Solving, Part 1",University of Colorado Boulder,COURSE,4.8,Beginner
Executive Data Science,Johns Hopkins University,SPECIALIZATION,4.5,Beginner
Explorando la Energía Sustentable,Pontificia Universidad Católica de Chile,COURSE,4.8,Beginner
Fashion as Design,The Museum of Modern Art,COURSE,4.8,Beginner
Feminism and Social Justice,"University of California, Santa Cruz",COURSE,4.8,Beginner
FinTech Law and Policy,Duke University,COURSE,4.8,Beginner
FinTech: Finance Industry Transformation and Regulation,The Hong Kong University of Science and Technology,SPECIALIZATION,4.6,Beginner
"FinTech: Foundations, Payments, and Regulations",University of Pennsylvania,COURSE,4.7,Beginner
Finance & Quantitative Modeling for Analysts,University of Pennsylvania,SPECIALIZATION,4.5,Beginner
Finance for Non-Finance Professionals,Rice University,COURSE,4.8,Beginner
Finance for Non-Financial Managers,Emory University,COURSE,4.4,Intermediate
Financial Accounting Fundamentals,University of Virginia,COURSE,4.8,Beginner
Financial Acumen for Non-Financial Managers,University of Pennsylvania,COURSE,4.5,Beginner
Financial Engineering and Risk Management Part I,Columbia University,COURSE,4.6,Mixed
Financial Management,University of Illinois at Urbana-Champaign,SPECIALIZATION,4.7,Intermediate
Financial Markets,Yale University,COURSE,4.8,Beginner
Financial Markets and Investment Strategy,Indian School of Business,SPECIALIZATION,4.5,Beginner
Financial Reporting,University of Illinois at Urbana-Champaign,SPECIALIZATION,4.8,Intermediate
Financial Technology (Fintech) Innovations,University of Michigan,SPECIALIZATION,4.7,Beginner
Financing and Investing in Infrastructure,Università Bocconi,COURSE,4.8,Mixed
Finanzas corporativas,Universidad Nacional Autónoma de México,SPECIALIZATION,4.6,Intermediate
Finanzas personales,Universidad Nacional Autónoma de México,COURSE,4.8,Mixed
Finding Purpose and Meaning In Life: Living for What Matters Most,University of Michigan,COURSE,4.7,Beginner
Fintech: Foundations & Applications of Financial Technology,University of Pennsylvania,SPECIALIZATION,4.6,Beginner
First Step Korean,Yonsei University,COURSE,4.9,Beginner
Food & Beverage Management,Università Bocconi,COURSE,4.8,Mixed
Forensic Accounting and Fraud Examination,West Virginia University,COURSE,4.7,Mixed
Formulación y evaluación de proyectos complejos,Universidad de los Andes,COURSE,4.9,Intermediate
Foundational Finance for Strategic Decision Making,University of Michigan,SPECIALIZATION,4.8,Beginner
Foundations of Business Strategy,University of Virginia,COURSE,4.8,Beginner
Foundations of Everyday Leadership,University of Illinois at Urbana-Champaign,COURSE,4.8,Mixed
Foundations of Global Health,Johns Hopkins University,SPECIALIZATION,4.7,Beginner
Foundations of Management,IESE Business School,SPECIALIZATION,4.8,Beginner
Foundations of Marketing Analytics,Emory University,SPECIALIZATION,4.2,Intermediate
Foundations of Positive Psychology,University of Pennsylvania,SPECIALIZATION,4.8,Beginner
Foundations of Public Health Practice,Imperial College London,SPECIALIZATION,4.8,Beginner
From Data to Insights with Google Cloud Platform,Google Cloud,SPECIALIZATION,4.6,Beginner
From the Big Bang to Dark Energy,The University of Tokyo,COURSE,4.8,Beginner
Front-End Web Development with React,The Hong Kong University of Science and Technology,COURSE,4.7,Intermediate
Front-End Web UI Frameworks and Tools: Bootstrap 4,The Hong Kong University of Science and Technology,COURSE,4.8,Intermediate
Full Stack Web and Multiplatform Mobile App Development,The Hong Kong University of Science and Technology,SPECIALIZATION,4.7,Intermediate
Full-Stack Web Development with React,The Hong Kong University of Science and Technology,SPECIALIZATION,4.7,Intermediate
Functional Programming Principles in Scala,École Polytechnique Fédérale de Lausanne,COURSE,4.8,Intermediate
Functional Programming in Scala,École Polytechnique Fédérale de Lausanne,SPECIALIZATION,4.7,Intermediate
Fundamental Neuroscience for Neuroimaging,Johns Hopkins University,COURSE,4.6,Beginner
Fundamentals of Accounting,University of Illinois at Urbana-Champaign,SPECIALIZATION,4.6,Beginner
Fundamentals of Computing,Rice University,SPECIALIZATION,4.8,Beginner
Fundamentals of Engineering Exam Review,Georgia Institute of Technology,COURSE,4.7,Mixed
Fundamentals of GIS,"University of California, Davis",COURSE,4.8,Beginner
Fundamentals of Graphic Design,California Institute of the Arts,COURSE,4.8,Beginner
Fundamentals of Immunology,Rice University,SPECIALIZATION,4.7,Intermediate
Fundamentals of Immunology: Innate Immunity and B-Cell Function,Rice University,COURSE,4.7,Intermediate
Fundamentals of Music Theory,The University of Edinburgh,COURSE,4.6,Beginner
Fundamentals of Project Planning and Management,University of Virginia,COURSE,4.7,Beginner
Fundamentals of Quantitative Modeling,University of Pennsylvania,COURSE,4.6,Mixed
Fundamentals of Reinforcement Learning,University of Alberta,COURSE,4.8,Intermediate
Fundamentals of Visualization with Tableau,"University of California, Davis",COURSE,4.5,Beginner
Fundamentos Empresariales,University of Pennsylvania,SPECIALIZATION,4.6,Beginner
Fundamentos Estratégicos Empresariales,Universidad Nacional Autónoma de México,SPECIALIZATION,4.6,Beginner
Fundamentos de Excel para Negocios,Universidad Austral,COURSE,4.7,Beginner
Fundamentos de Finanzas Empresariales,Universidad de los Andes,COURSE,4.8,Beginner
Fundamentos de la escritura,Tecnológico de Monterrey,COURSE,4.6,Beginner
Fundraising and Development,"University of California, Davis",SPECIALIZATION,4.6,Beginner
Futures Thinking,Institute for the Future,SPECIALIZATION,4.8,Beginner
G Suite Administration,Google Cloud,SPECIALIZATION,4.7,Beginner
"GIS, Mapping, and Spatial Analysis",University of Toronto,SPECIALIZATION,4.8,Beginner
Game Design and Development,Michigan State University,SPECIALIZATION,4.7,Intermediate
Game Theory,Stanford University,COURSE,4.6,Beginner
Gamification,University of Pennsylvania,COURSE,4.8,Mixed
Gender and Sexuality: Diversity and Inclusion in the Workplace,University of Pittsburgh,COURSE,4.7,Beginner
Genomic Data Science,Johns Hopkins University,SPECIALIZATION,4.4,Intermediate
Geographic Information Systems  (GIS),"University of California, Davis",SPECIALIZATION,4.8,Beginner
Geopolitics of Europe,Sciences Po,COURSE,4.3,Mixed
Geopolítica y gobernanza global: riesgos y oportunidades,ESADE Business and Law School,COURSE,4.8,Mixed
Gestión de organizaciones efectivas,Pontificia Universidad Católica de Chile,COURSE,4.7,Mixed
Get Interactive: Practical Teaching with Technology,Bloomsbury Learning Exchange,COURSE,4.7,Beginner
Getting Started With Music Theory,Michigan State University,COURSE,4.5,Beginner
Getting Started with AWS Machine Learning,Amazon Web Services,COURSE,4.5,Intermediate
Getting Started with Go,"University of California, Irvine",COURSE,4.6,Intermediate
Getting Started with Google Kubernetes Engine,Google Cloud,COURSE,4.5,Intermediate
Getting Started with Google Sheets,Google Cloud,COURSE,4.6,Beginner
Getting Started with SAS Programming,SAS,COURSE,4.9,Beginner
Global Diplomacy – Diplomacy in the Modern World,SOAS University of London,COURSE,4.6,Mixed
Global Diplomacy: the United Nations in the World,SOAS University of London,COURSE,4.7,Beginner
Global Energy and Climate Policy,SOAS University of London,COURSE,4.5,Beginner
Global Environmental Management,Technical University of Denmark (DTU),COURSE,4.6,Intermediate
Global Financial Markets and Instruments,Rice University,COURSE,4.6,Mixed
Global Financing Solutions  (by EDHEC and Société Générale),EDHEC Business School,COURSE,4.6,Intermediate
Global Trends for Business and Society,University of Pennsylvania,COURSE,4.8,Mixed
"Globalization, Economic Growth and Stability",IE Business School,SPECIALIZATION,4.8,Intermediate
Good with Words: Writing and Editing,University of Michigan,SPECIALIZATION,4.6,Beginner
Google Cloud Platform Big Data and Machine Learning Fundamentals,Google Cloud,COURSE,4.6,Intermediate
Google Cloud Platform Fundamentals for AWS Professionals,Google Cloud,COURSE,4.7,Intermediate
Google IT Automation with Python,Google,PROFESSIONAL CERTIFICATE,4.7,Beginner
Google IT Support,Google,PROFESSIONAL CERTIFICATE,4.8,Beginner
Grammar and Punctuation,"University of California, Irvine",COURSE,4.7,Mixed
Graphic Design Elements for Non-Designers,University of Colorado Boulder,SPECIALIZATION,4.7,Beginner
Greek and Roman Mythology,University of Pennsylvania,COURSE,4.8,Mixed
Greening the Economy: Sustainable Cities,Lund University,COURSE,4.6,Beginner
Guitar for Beginners,Berklee College of Music,COURSE,4.8,Mixed
Gut Check: Exploring Your Microbiome,University of California San Diego,COURSE,4.7,Mixed
"HTML, CSS, and Javascript for Web Developers",Johns Hopkins University,COURSE,4.8,Mixed
Habilidades Gerenciales,Universidad Nacional Autónoma de México,SPECIALIZATION,4.7,Beginner
Hacia una práctica constructivista en el aula,Pontificia Universidad Católica de Chile,COURSE,4.8,Mixed
Hardware Description Languages for FPGA Design,University of Colorado Boulder,COURSE,4.2,Intermediate
Healing with the Arts,University of Florida,COURSE,4.6,Mixed
Health Informatics,Johns Hopkins University,SPECIALIZATION,4.5,Beginner
Health Information Literacy for Data Analytics,"University of California, Davis",SPECIALIZATION,4.5,Intermediate
Healthcare Law,University of Pennsylvania,SPECIALIZATION,4.7,Intermediate
Healthcare Marketplace,University of Minnesota,SPECIALIZATION,4.4,Beginner
Healthcare Organization Operations,Rutgers the State University of New Jersey,SPECIALIZATION,4.6,Beginner
"High Performance Collaboration: Leadership, Teamwork, and Negotiation",Northwestern University,COURSE,4.8,Mixed
Homeland Security and Cybersecurity,University of Colorado System,SPECIALIZATION,4.7,Beginner
"Hotel Management: Distribution, Revenue and Demand Management",ESSEC Business School,SPECIALIZATION,4.6,Beginner
How Things Work: An Introduction to Physics,University of Virginia,COURSE,4.8,Intermediate
How To Create a Website in a Weekend! (Project-Centered Course),The State University of New York,COURSE,3.3,Mixed
How to Start Your Own Business,Michigan State University,SPECIALIZATION,4.1,Beginner
Human Resource Management: HR for People Managers,University of Minnesota,SPECIALIZATION,4.7,Beginner
IBM AI Engineering,IBM,PROFESSIONAL CERTIFICATE,4.6,Intermediate
IBM AI Enterprise Workflow,IBM,SPECIALIZATION,4.4,Advanced
IBM Applied AI,IBM,PROFESSIONAL CERTIFICATE,4.6,Beginner
IBM Customer Engagement Specialist Professional Certificate,IBM,COURSE,4.8,Beginner
IBM Data Science,IBM,PROFESSIONAL CERTIFICATE,4.6,Beginner
IT Fundamentals for Cybersecurity,IBM,SPECIALIZATION,4.5,Beginner
IT Security: Defense against the digital dark arts,Google,COURSE,4.8,Beginner
"Identifying, Monitoring, and Analyzing Risk and Incident Response and Recovery",(ISC)²,COURSE,4.9,Beginner
Implementación del Marketing Mix,IE Business School,SPECIALIZATION,4.7,Beginner
Implementing RPA with Cognitive Automation and Analytics,Automation Anywhere,SPECIALIZATION,4.6,Beginner
Improve Your English Communication Skills,Georgia Institute of Technology,SPECIALIZATION,4.7,Beginner
"Improving Deep Neural Networks: Hyperparameter tuning, Regularization and Optimization",deeplearning.ai,COURSE,4.9,Beginner
Improving Leadership & Governance in Nonprofit Organizations,Luther College at the University of Regina,SPECIALIZATION,4.4,Beginner
In the Studio: Postwar Abstract Painting,The Museum of Modern Art,COURSE,4.9,Beginner
Indigenous Canada,University of Alberta,COURSE,4.8,Mixed
Industrial IoT on Google Cloud Platform,Google Cloud,COURSE,4.5,Beginner
Infectious Disease Modelling,Imperial College London,SPECIALIZATION,5,Intermediate
Influencer Marketing Strategy,Rutgers the State University of New Jersey,COURSE,4.4,Intermediate
"Influencing: Storytelling, Change Management and Governance",Macquarie University,SPECIALIZATION,4.8,Beginner
Information Security: Context and Introduction,"Royal Holloway, University of London",COURSE,4.6,Beginner
Information Visualization,New York University,SPECIALIZATION,4.6,Beginner
Information​ ​Systems,University of Minnesota,SPECIALIZATION,4.7,Beginner
Initiating and Planning Projects,"University of California, Irvine",COURSE,4.7,Mixed
Innovation Management,Erasmus University Rotterdam,COURSE,4.6,Beginner
"Innovation Through Design: Think, Make, Break, Repeat",The University of Sydney,COURSE,4.8,Beginner
Innovation: From Creativity to Entrepreneurship,University of Illinois at Urbana-Champaign,SPECIALIZATION,4.8,Beginner
Inspirational Leadership: Leading with Sense,HEC Paris,SPECIALIZATION,4.5,Beginner
Inspired Leadership,Case Western Reserve University,SPECIALIZATION,4.7,Intermediate
Inspiring and Motivating Individuals,University of Michigan,COURSE,4.8,Mixed
Instructional Design Foundations and Applications,University of Illinois at Urbana-Champaign,COURSE,4.2,Mixed
Instructional Methods in Health Professions Education,University of Michigan,COURSE,4.6,Intermediate
Integrative Health and Medicine,University of Minnesota,SPECIALIZATION,4.8,Beginner
Intellectual Property Law,University of Pennsylvania,SPECIALIZATION,4.8,Intermediate
Interaction Design,University of California San Diego,SPECIALIZATION,4.5,Intermediate
Intercultural Management,ESCP Business School,COURSE,4.6,Beginner
International Business Essentials,University of London,SPECIALIZATION,4.5,Intermediate
International Cyber Conflicts,The State University of New York,COURSE,4.4,Mixed
International Humanitarian Law in Theory and Practice,Kalshoven-Gieskes Forum,COURSE,4.8,Beginner
International Law in Action: A Guide to the International Courts and Tribunals in The Hague,Universiteit Leiden,COURSE,4.8,Mixed
International Law in Action: the Arbitration of International Disputes,Universiteit Leiden,COURSE,4.8,Mixed
International Leadership and Organizational Behavior,Università Bocconi,COURSE,4.8,Mixed
International Marketing & Cross Industry Growth,Yonsei University,SPECIALIZATION,4.6,Beginner
International Organizations Management,University of Geneva,COURSE,4.8,Beginner
International Security Management,Erasmus University Rotterdam,COURSE,4.5,Beginner
International Women's Health and Human Rights,Stanford University,COURSE,4.9,Beginner
International migrations: a global issue,Sciences Po,COURSE,4.6,Beginner
Internet Connection: How to Get Online?,Cisco,COURSE,4.7,Beginner
Internet Giants: The Law and Economics of Media Platforms,The University of Chicago,COURSE,4.8,Mixed
Interviewing and Resume Writing in English,"University of Maryland, College Park",SPECIALIZATION,4.6,Intermediate
Introducción a Data Science: Programación Estadística con R,Universidad Nacional Autónoma de México,COURSE,4.7,Beginner
Introducción a la programación en Python I: Aprendiendo a programar con Python,Pontificia Universidad Católica de Chile,COURSE,4.4,Beginner
Introduction aux Droits de l’Homme,University of Geneva,COURSE,4.8,Mixed
Introduction to Ableton Live,Berklee College of Music,COURSE,4.8,Mixed
Introduction to Artificial Intelligence (AI),IBM,COURSE,4.7,Beginner
Introduction to Big Data,University of California San Diego,COURSE,4.6,Mixed
Introduction to Blockchain Technologies,INSEAD,COURSE,4.7,Beginner
Introduction to Breast Cancer,Yale University,COURSE,4.9,Mixed
Introduction to Business Analytics: Communicating with Data,University of Illinois at Urbana-Champaign,COURSE,4.7,Intermediate
Introduction to CSS3,University of Michigan,COURSE,4.8,Mixed
Introduction to Calculus,The University of Sydney,COURSE,4.8,Intermediate
Introduction to Chemistry:  Reactions and Ratios,Duke University,COURSE,4.8,Beginner
Introduction to Classical Music,Yale University,COURSE,4.9,Mixed
Introduction to Cloud Computing,IBM,COURSE,4.6,Beginner
Introduction to Computer Programming,"Goldsmiths, University of London",COURSE,4.3,Beginner
Introduction to Computer Science and Programming,"Goldsmiths, University of London",SPECIALIZATION,4.3,Beginner
Introduction to Corporate Finance,University of Pennsylvania,COURSE,4.6,Mixed
Introduction to Cyber Attacks,New York University,COURSE,4.7,Beginner
Introduction to Cyber Security,New York University,SPECIALIZATION,4.7,Beginner
Introduction to Cybersecurity Tools & Cyber Attacks,IBM,COURSE,4.5,Beginner
Introduction to Data Analysis Using Excel,Rice University,COURSE,4.7,Mixed
Introduction to Data Science,IBM,SPECIALIZATION,4.6,Beginner
Introduction to Data Science in Python,University of Michigan,COURSE,4.5,Intermediate
Introduction to Dental Medicine,University of Pennsylvania,COURSE,4.8,Beginner
Introduction to Discrete Mathematics for Computer Science,National Research University Higher School of Economics,SPECIALIZATION,4.4,Beginner
Introduction to Electronics,Georgia Institute of Technology,COURSE,4.7,Mixed
Introduction to Embedded Systems Software and Development Environments,University of Colorado Boulder,COURSE,4.5,Intermediate
Introduction to Engineering Mechanics,Georgia Institute of Technology,COURSE,4.7,Mixed
Introduction to Environmental Law and Policy,The University of North Carolina at Chapel Hill,COURSE,4.8,Mixed
Introduction to Financial Accounting,University of Pennsylvania,COURSE,4.7,Mixed
Introduction to Forensic Science,"Nanyang Technological University, Singapore",COURSE,4.9,Mixed
Introduction to Game Development,Michigan State University,COURSE,4.8,Mixed
Introduction to Genetics and Evolution,Duke University,COURSE,4.8,Mixed
Introduction to Genomic Technologies,Johns Hopkins University,COURSE,4.6,Mixed
Introduction to HTML5,University of Michigan,COURSE,4.7,Mixed
Introduction to Imagemaking,California Institute of the Arts,COURSE,4.5,Beginner
Introduction to Intellectual Property,University of Pennsylvania,COURSE,4.8,Beginner
Introduction to International Criminal Law,Case Western Reserve University,COURSE,4.8,Mixed
Introduction to Marketing,University of Pennsylvania,COURSE,4.8,Mixed
Introduction to Mathematical Thinking,Stanford University,COURSE,4.8,Intermediate
Introduction to Operations Management,University of Pennsylvania,COURSE,4.5,Mixed
Introduction to Personal Branding,University of Virginia,COURSE,4.4,Beginner
Introduction to Philosophy,The University of Edinburgh,COURSE,4.6,Mixed
Introduction to Portfolio Construction and Analysis with Python,EDHEC Business School,COURSE,4.8,Mixed
Introduction to Probability and Data,Duke University,COURSE,4.7,Beginner
Introduction to Programming in C,Duke University,SPECIALIZATION,4.7,Beginner
Introduction to Programming with MATLAB,Vanderbilt University,COURSE,4.8,Beginner
Introduction to Psychology,Yale University,COURSE,4.9,Beginner
Introduction to Scripting in Python,Rice University,SPECIALIZATION,4.7,Beginner
Introduction to Self-Driving Cars,University of Toronto,COURSE,4.8,Advanced
Introduction to Spreadsheets and Models,University of Pennsylvania,COURSE,4.2,Mixed
Introduction to Statistics & Data Analysis in Public Health,Imperial College London,COURSE,4.7,Beginner
Introduction to Sustainability,University of Illinois at Urbana-Champaign,COURSE,4.8,Mixed
Introduction to Systematic Review and Meta-Analysis,Johns Hopkins University,COURSE,4.8,Mixed
Introduction to Systems Engineering,UNSW Sydney (The University of New South Wales),COURSE,4.7,Mixed
"Introduction to TensorFlow for Artificial Intelligence, Machine Learning, and Deep Learning",deeplearning.ai,COURSE,4.7,Intermediate
Introduction to Thermodynamics: Transferring Energy from Here to There,University of Michigan,COURSE,4.8,Beginner
"Introduction to Trading, Machine Learning & GCP",New York Institute of Finance,COURSE,4,Intermediate
Introduction to Typography,California Institute of the Arts,COURSE,4.8,Beginner
Introduction to User Experience Design,Georgia Institute of Technology,COURSE,4.5,Beginner
Introduction to User Experience Principles and Processes,University of Michigan,COURSE,4.8,Beginner
Introduction to Web Development,"University of California, Davis",COURSE,4.7,Beginner
Introduction to the Biology of Cancer,Johns Hopkins University,COURSE,4.8,Beginner
Introductory Human Physiology,Duke University,COURSE,4.7,Mixed
Introdução aos Princípios e Práticas da Gestão De Projetos,Universidade de São Paulo,SPECIALIZATION,4.9,Beginner
Introdução à Ciência da Computação com Python Parte 1,Universidade de São Paulo,COURSE,4.9,Beginner
Investment Management,University of Geneva,SPECIALIZATION,4.7,Beginner
Investment Management with Python and Machine Learning,EDHEC Business School,SPECIALIZATION,4.6,Beginner
Investment and Portfolio Management,Rice University,SPECIALIZATION,4.5,Beginner
Japanese for beginners 1,Saint Petersburg State University,COURSE,4.6,Beginner
Java Programming and Software Engineering Fundamentals,Duke University,SPECIALIZATION,4.6,Beginner
Java Programming: Solving Problems with Software,Duke University,COURSE,4.6,Beginner
Julia Scientific Programming,University of Cape Town,COURSE,4.5,Beginner
Kotlin for Java Developers,JetBrains,COURSE,4.7,Intermediate
L'excellence opérationnelle en pratique,ESSEC Business School,COURSE,4.7,Beginner
"L'impact investing, la finance qui change le monde",ESSEC Business School,SPECIALIZATION,4.6,Beginner
Leadership Development for Engineers,Rice University,SPECIALIZATION,4.7,Beginner
Leadership in 21st Century Organizations,Copenhagen Business School,COURSE,4.7,Mixed
Leading Healthcare Quality and Safety,The George Washington University,COURSE,4.8,Beginner
Leading People and Teams,University of Michigan,SPECIALIZATION,4.7,Beginner
"Leading for Equity, Diversity and Inclusion in Higher Education",University of Michigan,COURSE,4.7,Intermediate
Leading: Human Resource Management and Leadership,Macquarie University,SPECIALIZATION,4.8,Intermediate
Learn Chinese: HSK Test Preparation,Peking University,SPECIALIZATION,4.8,Beginner
Learn English,Tsinghua University,SPECIALIZATION,4.3,Beginner
Learn English: Advanced Academic Speaking and Listening,"University of California, Irvine",SPECIALIZATION,4.5,Intermediate
Learn English: Advanced Grammar and Punctuation,"University of California, Irvine",SPECIALIZATION,4.8,Advanced
Learn English: Intermediate Grammar,"University of California, Irvine",SPECIALIZATION,4.7,Intermediate
Learn Mandarin Chinese,Shanghai Jiao Tong University,SPECIALIZATION,4.8,Beginner
Learn SQL Basics for Data Science,"University of California, Davis",SPECIALIZATION,4.6,Beginner
Learn Spanish: Basic Spanish Vocabulary,"University of California, Davis",SPECIALIZATION,4.6,Beginner
Learn to Program: The Fundamentals,University of Toronto,COURSE,4.8,Beginner
Learn to Speak Korean 1,Yonsei University,COURSE,4.9,Beginner
Learning to Teach Online,UNSW Sydney (The University of New South Wales),COURSE,4.7,Beginner
Legal Tech & Startups,IE Business School,COURSE,4.5,Intermediate
Les Fondamentaux de la Négociation,ESSEC Business School,COURSE,4.7,Beginner
Liderazgo efectivo para el siglo XXI,Universidad de los Andes,SPECIALIZATION,4.8,Intermediate
Linear Circuits 1: DC Analysis,Georgia Institute of Technology,COURSE,4.6,Mixed
Love as a Force for Social Justice,Stanford University,COURSE,4.7,Beginner
Machine Learning,University of Washington,SPECIALIZATION,4.6,Intermediate
Machine Learning,Stanford University,COURSE,4.9,Mixed
Machine Learning Foundations: A Case Study Approach,University of Washington,COURSE,4.6,Mixed
Machine Learning and Reinforcement Learning in Finance,New York University,SPECIALIZATION,3.7,Intermediate
Machine Learning for All,University of London,COURSE,4.6,Beginner
Machine Learning for Business Professionals,Google Cloud,COURSE,4.6,Intermediate
Machine Learning for Trading,Google Cloud,SPECIALIZATION,3.9,Intermediate
Machine Learning with Python,IBM,COURSE,4.7,Intermediate
Machine Learning with TensorFlow on Google Cloud Platform,Google Cloud,SPECIALIZATION,4.5,Intermediate
Magic in the Middle Ages,Universitat de Barcelona,COURSE,4.6,Beginner
Making Architecture,IE School of Architecture & Design,COURSE,4.7,Beginner
Management of Fashion and Luxury Companies,Università Bocconi,COURSE,4.7,Mixed
Managerial Accounting Fundamentals,University of Virginia,COURSE,4.9,Beginner
Managerial Economics and Business Analysis,University of Illinois at Urbana-Champaign,SPECIALIZATION,4.7,Beginner
Managing Innovation and Design Thinking,HEC Paris,SPECIALIZATION,4.7,Beginner
Managing Project Risks and Changes,"University of California, Irvine",COURSE,4.7,Mixed
Managing Social and Human Capital,University of Pennsylvania,COURSE,4.5,Beginner
Managing Your Health: The Role of Physical Therapy and Exercise,University of Toronto,COURSE,4.6,Beginner
Market Research,"University of California, Davis",SPECIALIZATION,4.5,Beginner
Marketing Digital,Universidade de São Paulo,COURSE,4.8,Beginner
Marketing Digital,Universidad Austral,SPECIALIZATION,4.7,Beginner
Marketing Gerencial,Universidad de Chile,COURSE,4.7,Intermediate
Marketing Mix Implementation,IE Business School,SPECIALIZATION,4.6,Beginner
Marketing Strategy,IE Business School,SPECIALIZATION,4.4,Beginner
Marketing Verde,Universidad de los Andes,COURSE,4.8,Mixed
Marketing con Redes Sociales,Tecnológico de Monterrey,SPECIALIZATION,4.4,Intermediate
Marketing in a Digital World,University of Illinois at Urbana-Champaign,COURSE,4.7,Beginner
Mastering Data Analysis in Excel,Duke University,COURSE,4.2,Mixed
Mastering Final Cut Pro,LearnQuest,COURSE,4.6,Beginner
Mastering Software Development in R,Johns Hopkins University,SPECIALIZATION,4.3,Beginner
Materials Science: 10 Things Every Engineer Should Know,"University of California, Davis",COURSE,4.7,Mixed
Mathematics for Data Science,National Research University Higher School of Economics,SPECIALIZATION,4.5,Beginner
Mathematics for Machine Learning,Imperial College London,SPECIALIZATION,4.6,Beginner
Mathematics for Machine Learning: Linear Algebra,Imperial College London,COURSE,4.7,Beginner
Mathematics for Machine Learning: Multivariate Calculus,Imperial College London,COURSE,4.7,Beginner
Mathematics for Machine Learning: PCA,Imperial College London,COURSE,4,Intermediate
Medical Cannabis: The Health Effects of THC and CBD,University of Colorado Boulder,SPECIALIZATION,4.8,Beginner
Medical Neuroscience,Duke University,COURSE,4.9,Advanced
Memoir and Personal Essay: Write About Yourself,Wesleyan University,SPECIALIZATION,4.3,Beginner
Methods and Statistics in Social Sciences,University of Amsterdam,SPECIALIZATION,4.6,Beginner
Microeconomics Principles,University of Illinois at Urbana-Champaign,COURSE,4.9,Beginner
Microeconomics: The Power of Markets,University of Pennsylvania,COURSE,4.7,Mixed
Mindshift: Break Through Obstacles to Learning and Discover Your Hidden Potential,McMaster University,COURSE,4.8,Beginner
Miracles of Human Language: An Introduction to Linguistics,Universiteit Leiden,COURSE,4.7,Beginner
Model Thinking,University of Michigan,COURSE,4.8,Mixed
Modeling Risk and Realities,University of Pennsylvania,COURSE,4.6,Mixed
Modern Art & Ideas,The Museum of Modern Art,COURSE,4.7,Beginner
Modern Big Data Analysis with SQL,Cloudera,SPECIALIZATION,4.8,Beginner
"Modern Robotics:  Mechanics, Planning, and Control",Northwestern University,SPECIALIZATION,4.7,Intermediate
Modernizing Data Lakes and Data Warehouses with GCP,Google Cloud,COURSE,4.7,Intermediate
Moral Foundations of Politics,Yale University,COURSE,4.8,Mixed
More Introduction to Financial Accounting,University of Pennsylvania,COURSE,4.9,Mixed
Mountains 101,University of Alberta,COURSE,4.9,Mixed
Municipal Solid Waste Management in Developing Countries,École Polytechnique Fédérale de Lausanne,COURSE,4.8,Intermediate
Music Business,Berklee College of Music,SPECIALIZATION,4.8,Beginner
Music Business Foundations,Berklee College of Music,COURSE,4.9,Mixed
Music Production,Berklee College of Music,SPECIALIZATION,4.8,Beginner
Nanotechnology: A Maker’s Course,Duke University,COURSE,4.8,Mixed
Natural Language Processing in TensorFlow,deeplearning.ai,COURSE,4.6,Intermediate
Negociación exitosa: Estrategias y habilidades esenciales (en español),University of Michigan,COURSE,4.8,Mixed
"Negotiation, Mediation and Conflict Resolution",ESSEC Business School,SPECIALIZATION,4.7,Beginner
Networking and Security Architecture with VMware NSX,VMware,COURSE,4.8,Intermediate
Networking in Google Cloud,Google Cloud,SPECIALIZATION,4.7,Intermediate
Neural Networks and Deep Learning,deeplearning.ai,COURSE,4.9,Intermediate
Neurolinguistics,Saint Petersburg State University,COURSE,4.7,Mixed
New Approaches to Countering Terror: Countering Violent Extremism,"University of Maryland, College Park",COURSE,4.7,Beginner
Newborn Baby Care,University of Colorado System,SPECIALIZATION,4.8,Beginner
Nutrición y obesidad: control de sobrepeso,Universidad Nacional Autónoma de México,COURSE,4.8,Beginner
Nutrition and Lifestyle in Pregnancy,Ludwig-Maximilians-Universität München (LMU),COURSE,4.8,Intermediate
Object Oriented Java Programming: Data Structures and Beyond,University of California San Diego,SPECIALIZATION,4.7,Intermediate
Object Oriented Programming in Java,Duke University,SPECIALIZATION,4.6,Beginner
Object-Oriented Data Structures in C++,University of Illinois at Urbana-Champaign,COURSE,4.7,Intermediate
Object-Oriented Design,University of Alberta,COURSE,4.7,Intermediate
Oil & Gas Industry Operations and Markets,Duke University,COURSE,4.8,Mixed
"Open Source Software Development, Linux and Git",The Linux Foundation,SPECIALIZATION,4.4,Beginner
Operating Systems and You: Becoming a Power User,Google,COURSE,4.6,Beginner
Operations Analytics,University of Pennsylvania,COURSE,4.7,Mixed
Optical Engineering,University of Colorado Boulder,SPECIALIZATION,4.2,Advanced
Organizational Leadership,Northwestern University,SPECIALIZATION,4.7,Intermediate
Osteoarchaeology: The Truth in Our Bones,Universiteit Leiden,COURSE,4.7,Beginner
Palliative Care: It's Not Just Hospice Anymore,University of Colorado System,SPECIALIZATION,4.8,Beginner
Palo Alto Networks Cybersecurity,Palo Alto Networks,SPECIALIZATION,4.6,Beginner
"Parallel, Concurrent, and Distributed Programming in Java",Rice University,SPECIALIZATION,4.5,Intermediate
Particle Physics: an Introduction,University of Geneva,COURSE,4.5,Mixed
Patient Safety,Johns Hopkins University,SPECIALIZATION,4.8,Beginner
Patrocinio Deportivo,Universitat Autònoma de Barcelona,COURSE,4.6,Beginner
People Analytics,University of Pennsylvania,COURSE,4.5,Mixed
Perfect Tenses and Modals,"University of California, Irvine",COURSE,4.7,Intermediate
Periodismo digital y combate a las fake news,Universidad Nacional Autónoma de México,COURSE,4.9,Beginner
Photography Basics and Beyond: From Smartphone to DSLR,Michigan State University,SPECIALIZATION,4.7,Beginner
Plant Bioinformatic Methods,University of Toronto,SPECIALIZATION,4.7,Beginner
Politics and Economics of International Energy,Sciences Po,COURSE,4.7,Beginner
Positive Psychiatry and Mental Health,The University of Sydney,COURSE,4.8,Mixed
Positive Psychology,The University of North Carolina at Chapel Hill,COURSE,4.7,Mixed
Positive Psychology: Applications and Interventions,University of Pennsylvania,COURSE,4.8,Beginner
Positive Psychology: Martin E. P. Seligman’s Visionary Science,University of Pennsylvania,COURSE,4.8,Beginner
Positive Psychology: Resilience Skills,University of Pennsylvania,COURSE,4.6,Beginner
Power Electronics,University of Colorado Boulder,SPECIALIZATION,4.8,Intermediate
Practical Data Science with MATLAB,MathWorks,SPECIALIZATION,4.7,Beginner
Practical Time Series Analysis,The State University of New York,COURSE,4.6,Intermediate
Preparing for the Google Cloud Associate Cloud Engineer Exam,Google Cloud,COURSE,4.7,Beginner
Preparing to Manage Human Resources,University of Minnesota,COURSE,4.8,Mixed
"Presentation Skills: Speechwriting, Slides and Delivery",E-Learning Development Fund,SPECIALIZATION,4.6,Beginner
Pricing Strategy Optimization,BCG,SPECIALIZATION,4.8,Beginner
Primeros Auxilios Psicológicos (PAP),Universitat Autònoma de Barcelona,COURSE,4.8,Mixed
Private Equity and Venture Capital,Università Bocconi,COURSE,4.8,Mixed
Probabilistic Graphical Models 1: Representation,Stanford University,COURSE,4.7,Advanced
Probability and Statistics: To p or not to p?,University of London,COURSE,4.6,Beginner
Process Mining: Data science in Action,Eindhoven University of Technology,COURSE,4.8,Intermediate
"Programming Foundations with JavaScript, HTML and CSS",Duke University,COURSE,4.6,Beginner
Programming Fundamentals,Duke University,COURSE,4.7,Beginner
Programming for Everybody (Getting Started with Python),University of Michigan,COURSE,4.8,Mixed
Programming with Google Go,"University of California, Irvine",SPECIALIZATION,4.6,Intermediate
Project Execution,"University of California, Irvine",COURSE,4.2,Beginner
Project Launch,"University of California, Irvine",COURSE,4.7,Beginner
Project Management & Other Tools for Career Development,"University of California, Irvine",SPECIALIZATION,4.6,Beginner
Project Management Principles and Practices,"University of California, Irvine",SPECIALIZATION,4.7,Beginner
Psychological First Aid,Johns Hopkins University,COURSE,4.8,Mixed
Public Policy Challenges of the 21st Century,University of Virginia,COURSE,4.6,Beginner
Python Basics,University of Michigan,COURSE,4.8,Beginner
Python Classes and Inheritance,University of Michigan,COURSE,4.7,Intermediate
Python Data Structures,University of Michigan,COURSE,4.9,Mixed
"Python Functions, Files, and Dictionaries",University of Michigan,COURSE,4.8,Beginner
Python and Statistics for Financial Analysis,The Hong Kong University of Science and Technology,COURSE,4.4,Intermediate
Python for Data Science and AI,IBM,COURSE,4.6,Beginner
Python for Everybody,University of Michigan,SPECIALIZATION,4.8,Beginner
Quantitative Methods,University of Amsterdam,COURSE,4.7,Mixed
Queering Identities: LGBTQ+ Sexuality and Gender Identity,University of Colorado System,COURSE,4.9,Beginner
R Programming,Johns Hopkins University,COURSE,4.6,Intermediate
"Ready, Set, Future! Introduction to Futures Thinking",Institute for the Future,COURSE,4.8,Beginner
Recommender Systems,University of Minnesota,SPECIALIZATION,4.3,Intermediate
"Recruiting, Hiring, and Onboarding Employees",University of Minnesota,COURSE,4.7,Mixed
Reinforcement Learning,University of Alberta,SPECIALIZATION,4.7,Intermediate
Renewable Energy and Green Building Entrepreneurship,Duke University,COURSE,4.7,Beginner
Reporting extra-financier et stratégie RSE,ESSEC Business School,COURSE,4.7,Beginner
Requirements Engineering: Secure Software  Specifications,University of Colorado System,SPECIALIZATION,4.6,Beginner
Research Data Management and Sharing,The University of Edinburgh,COURSE,4.6,Mixed
"Resilience in Children Exposed to Trauma, Disaster and War: Global Perspectives",University of Minnesota,COURSE,4.8,Mixed
Responsive Website Development and Design,"Goldsmiths, University of London",SPECIALIZATION,4.5,Beginner
Rethinking International Tax Law,Universiteit Leiden,COURSE,4.9,Mixed
Revisão Sistemática e Meta-análise,Universidade Estadual de Campinas,COURSE,4.9,Intermediate
Robotics,University of Pennsylvania,SPECIALIZATION,4.4,Beginner
Roman Architecture,Yale University,COURSE,4.9,Beginner
Russian Alphabet,Saint Petersburg State University,COURSE,4.7,Beginner
Russian for beginners А1. Русский язык: A1,Saint Petersburg State University,SPECIALIZATION,4.7,Beginner
Réussir le Changement,ESSEC Business School,COURSE,4.5,Mixed
SAS Programmer,SAS,PROFESSIONAL CERTIFICATE,4.8,Beginner
SAS Visual Business Analytics,SAS,PROFESSIONAL CERTIFICATE,4.6,Beginner
SQL for Data Science,"University of California, Davis",COURSE,4.6,Beginner
Sales Operations/Management,West Virginia University,SPECIALIZATION,4.4,Beginner
Sales Training for High Performing Teams,HubSpot Academy,SPECIALIZATION,4.7,Beginner
Sample-based Learning Methods,University of Alberta,COURSE,4.8,Intermediate
Scaling Operations: Linking Strategy and Execution,Northwestern University,COURSE,4.5,Mixed
School Health for Children and Adolescents,University of Colorado System,SPECIALIZATION,4.8,Beginner
Science of Exercise,University of Colorado Boulder,COURSE,4.8,Beginner
Search Engine Optimization Fundamentals,"University of California, Davis",COURSE,4.7,Mixed
Secure Coding Practices,"University of California, Davis",SPECIALIZATION,4.4,Intermediate
Security & Safety Challenges in a Globalized World,Universiteit Leiden,COURSE,4.7,Beginner
Security in Google Cloud Platform,Google Cloud,SPECIALIZATION,4.7,Intermediate
Self-Driving Cars,University of Toronto,SPECIALIZATION,4.7,Advanced
Sequence Models,deeplearning.ai,COURSE,4.8,Intermediate
Sexualidad...mucho más que sexo,Universidad de los Andes,COURSE,4.8,Beginner
Sharpened Visions: A Poetry Workshop,California Institute of the Arts,COURSE,4.7,Beginner
Site Reliability Engineering: Measuring and Managing Reliability,Google Cloud,COURSE,4.5,Advanced
Six Sigma Green Belt,University System of Georgia,SPECIALIZATION,4.7,Intermediate
Six Sigma and the Organization (Advanced),University System of Georgia,COURSE,4.7,Intermediate
"Sleep: Neurobiology, Medicine, and Society",University of Michigan,COURSE,4.8,Beginner
Smart Cities – Management of Smart Urban Infrastructures,École Polytechnique Fédérale de Lausanne,COURSE,4.6,Beginner
Social Entrepreneurship,Copenhagen Business School,SPECIALIZATION,4.6,Beginner
Social Media Marketing,Northwestern University,SPECIALIZATION,4.6,Beginner
"Social Norms, Social Change I",University of Pennsylvania,COURSE,4.6,Beginner
Social Policy for Social Services & Health Practitioners,Columbia University,SPECIALIZATION,4.8,Beginner
Social Psychology,Wesleyan University,COURSE,4.7,Beginner
Social and Economic Networks:  Models and Analysis,Stanford University,COURSE,4.8,Advanced
Software Design and Architecture,University of Alberta,SPECIALIZATION,4.6,Beginner
Software Development Lifecycle,University of Minnesota,SPECIALIZATION,4.6,Intermediate
Software Processes and Agile Practices,University of Alberta,COURSE,4.7,Mixed
Software Product Management,University of Alberta,SPECIALIZATION,4.6,Beginner
Solar Energy Basics,The State University of New York,COURSE,4.8,Beginner
Songwriting: Writing the Lyrics,Berklee College of Music,COURSE,4.8,Beginner
Soporte de Tecnologías de la Información de Google,Crece con Google,PROFESSIONAL CERTIFICATE,4.9,Beginner
Spacecraft Dynamics and Control,University of Colorado Boulder,SPECIALIZATION,4.8,Advanced
Spanish Vocabulary: Meeting People,"University of California, Davis",COURSE,4.6,Beginner
"Speak English Professionally: In Person, Online & On the Phone",Georgia Institute of Technology,COURSE,4.6,Mixed
Sports Marketing,Northwestern University,COURSE,4.7,Intermediate
Sports and Society,Duke University,COURSE,4.8,Mixed
Stanford Introduction to Food and Health,Stanford University,COURSE,4.7,Beginner
Stanford's Short Course on Breastfeeding,Stanford University,COURSE,4.7,Beginner
Statistical Analysis with R for Public Health,Imperial College London,SPECIALIZATION,4.7,Beginner
Statistics with Python,University of Michigan,SPECIALIZATION,4.6,Beginner
Statistics with R,Duke University,SPECIALIZATION,4.7,Beginner
Stories of Infection,Stanford University,COURSE,4.9,Intermediate
Strategic Business Analytics,ESSEC Business School,SPECIALIZATION,4.3,Advanced
Strategic Business Management - Microeconomics,"University of California, Irvine",COURSE,4.7,Beginner
Strategic Leadership and Management,University of Illinois at Urbana-Champaign,SPECIALIZATION,4.7,Beginner
Strategic Management,Copenhagen Business School,COURSE,4.7,Mixed
Strategic Management and Innovation,Copenhagen Business School,SPECIALIZATION,4.7,Beginner
Strategic Sales Management,Fundação Instituto de Administração,SPECIALIZATION,4.5,Intermediate
Strategising: Management for Global Competitive Advantage,Macquarie University,SPECIALIZATION,4.8,Intermediate
Strategy and Sustainability,IESE Business School,COURSE,4.6,Beginner
Structuring Machine Learning Projects,deeplearning.ai,COURSE,4.8,Beginner
Success,University of Pennsylvania,COURSE,4.8,Beginner
Successful Negotiation: Essential Strategies and Skills,University of Michigan,COURSE,4.8,Mixed
Summary Statistics in Public Health,Johns Hopkins University,COURSE,4.8,Beginner
Supply Chain Analytics,Rutgers the State University of New Jersey,COURSE,4.7,Beginner
Supply Chain Finance and Blockchain Technology,New York Institute of Finance,SPECIALIZATION,4.6,Intermediate
Supply Chain Logistics,Rutgers the State University of New Jersey,COURSE,4.7,Beginner
Supply Chain Management,Rutgers the State University of New Jersey,SPECIALIZATION,4.7,Beginner
Supply Chain Operations,Rutgers the State University of New Jersey,COURSE,4.8,Beginner
Supply Chain Principles,Georgia Institute of Technology,COURSE,4.6,Mixed
Supporting children with difficulties in reading and writing,UCL Institute of Education,COURSE,4.8,Mixed
Survey Data Collection and Analytics,"University of Maryland, College Park",SPECIALIZATION,4.3,Beginner
Sustainable Tourism – promoting environmental public health,University of Copenhagen,COURSE,4.6,Beginner
Swift 5 iOS Application Developer,LearnQuest,SPECIALIZATION,4.5,Beginner
System Administration and IT Infrastructure Services,Google,COURSE,4.7,Beginner
Systems Biology and Biotechnology,Icahn School of Medicine at Mount Sinai,SPECIALIZATION,4.4,Intermediate
Systems Thinking In Public Health,Johns Hopkins University,COURSE,4.9,Mixed
"TESOL Certificate, Part 1: Teach English Now!",Arizona State University,SPECIALIZATION,4.9,Beginner
"TESOL Certificate, Part 2: Teach English Now!",Arizona State University,SPECIALIZATION,4.9,Beginner
Teach English Now! Foundational Principles,Arizona State University,COURSE,4.9,Mixed
Teach English Now! Teaching Language Online,Arizona State University,COURSE,4.4,Intermediate
Teaching Character and Creating Positive Classrooms,Relay Graduate School of Education,COURSE,4.8,Mixed
Teamwork Skills: Communicating Effectively in Groups,University of Colorado Boulder,COURSE,4.8,Beginner
Technical Support Fundamentals,Google,COURSE,4.8,Beginner
TensorFlow in Practice,deeplearning.ai,SPECIALIZATION,4.7,Intermediate
TensorFlow: Data and Deployment,deeplearning.ai,SPECIALIZATION,4.5,Intermediate
Terrorism and Counterterrorism: Comparing Theory and Practice,Universiteit Leiden,COURSE,4.8,Beginner
The Addicted Brain,Emory University,COURSE,4.6,Beginner
The Art of Music Production,Berklee College of Music,COURSE,4.8,Intermediate
The Art of Sales: Mastering the Selling Process,Northwestern University,SPECIALIZATION,4.7,Beginner
The Arts and Science of Relationships: Understanding Human Needs,University of Toronto,COURSE,4.5,Beginner
The Bits and Bytes of Computer Networking,Google,COURSE,4.7,Beginner
The Business of Health Care,University of Pennsylvania,SPECIALIZATION,4.6,Beginner
The Business of Music Production,Berklee College of Music,SPECIALIZATION,4.8,Beginner
The Changing Global Order,Universiteit Leiden,COURSE,4.7,Intermediate
The Cycle: Management of Successful Arts and Cultural Organizations,"University of Maryland, College Park",COURSE,4.8,Beginner
The DIY Musician,Berklee College of Music,SPECIALIZATION,4.8,Beginner
The Data Scientist’s Toolbox,Johns Hopkins University,COURSE,4.6,Mixed
The Economics of Health Care Delivery,University of Pennsylvania,COURSE,4.8,Mixed
The Global Financial Crisis,Yale University,COURSE,4.8,Mixed
The Horse Course: Introduction to Basic Care and Management,University of Florida,COURSE,4.9,Mixed
The Manager's Toolkit: A Practical Guide to Managing People at Work,"Birkbeck, University of London",COURSE,4.6,Mixed
"The Modern World, Part One: Global History from 1760 to 1910",University of Virginia,COURSE,4.8,Beginner
"The Modern World, Part Two: Global History since 1910",University of Virginia,COURSE,4.8,Beginner
The Oral Cavity: Portal to Health and Disease,University of Pennsylvania,COURSE,4.9,Intermediate
The Power of Macroeconomics: Economic Principles in the Real World,"University of California, Irvine",COURSE,4.6,Mixed
The Power of Microeconomics: Economic Principles in the Real World,"University of California, Irvine",COURSE,4.7,Mixed
The Pronunciation of American English,"University of California, Irvine",SPECIALIZATION,4.6,Beginner
The Science of Gastronomy,The Hong Kong University of Science and Technology,COURSE,4.6,Mixed
The Science of Stem Cells,American Museum of Natural History,COURSE,4.7,Intermediate
The Science of Success: What Researchers Know that You Should Know,University of Michigan,COURSE,4.8,Beginner
The Science of Training Young Athletes,University of Florida,COURSE,4.9,Beginner
The Science of Well-Being,Yale University,COURSE,4.9,Mixed
The Singer Songwriter,Berklee College of Music,SPECIALIZATION,4.8,Beginner
The Social Context of Mental Health and Illness,University of Toronto,COURSE,4.6,Mixed
The Strategy of Content Marketing,"University of California, Davis",COURSE,4.5,Intermediate
"The Sustainable Development Goals – A global, transdisciplinary vision for the future",University of Copenhagen,COURSE,4.8,Beginner
The Teacher and Social and Emotional Learning (SEL),University of Colorado Boulder,SPECIALIZATION,4.7,Beginner
The Technology of Music Production,Berklee College of Music,COURSE,4.8,Beginner
The Truth About Cats and Dogs,The University of Edinburgh,COURSE,4.7,Mixed
The hidden value – Lean in manufacturing and services,École des Ponts ParisTech,COURSE,4.7,Beginner
Think Again I: How to Understand Arguments,Duke University,COURSE,4.6,Beginner
Tools for Data Science,IBM,COURSE,4.6,Beginner
Trading Strategies in Emerging Markets,Indian School of Business,SPECIALIZATION,4.3,Beginner
"Transmedia Storytelling: Narrative worlds, emerging technologies, and global audiences",UNSW Sydney (The University of New South Wales),COURSE,4.8,Mixed
Tricky American English Pronunciation,"University of California, Irvine",COURSE,4.7,Beginner
Troubles du spectre de l'autisme : diagnostic,University of Geneva,COURSE,4.9,Intermediate
U.S. Federal Taxation,University of Illinois at Urbana-Champaign,SPECIALIZATION,4.8,Intermediate
UCI Project Management,"University of California, Irvine",PROFESSIONAL CERTIFICATE,4.6,Beginner
UI / UX Design,California Institute of the Arts,SPECIALIZATION,4.7,Beginner
UX Design Fundamentals,California Institute of the Arts,COURSE,4.8,Beginner
Understanding Cancer Metastasis,Johns Hopkins University,COURSE,4.8,Beginner
Understanding Clinical Research: Behind the Statistics,University of Cape Town,COURSE,4.8,Mixed
Understanding Einstein: The Special Theory of Relativity,Stanford University,COURSE,4.9,Beginner
Understanding Medical Research: Your Facebook Friend is Wrong,Yale University,COURSE,4.8,Beginner
Understanding Modern Finance,American Institute of Business and Economics,SPECIALIZATION,4.4,Intermediate
Understanding Plants - Part I: What a Plant Knows,Tel Aviv University,COURSE,4.8,Beginner
Understanding Research Methods,SOAS University of London,COURSE,4.5,Mixed
Understanding and Visualizing Data with Python,University of Michigan,COURSE,4.7,Beginner
Understanding the Brain: The Neurobiology of Everyday Life,The University of Chicago,COURSE,4.9,Beginner
Unity Certified Programmer Exam Preparation,Unity,SPECIALIZATION,4.5,Intermediate
Unity XR: How to Build AR and VR Apps,Unity,SPECIALIZATION,4.2,Beginner
University Teaching,The University of Hong Kong,COURSE,4.8,Beginner
Unraveling the Cycling City,University of Amsterdam,COURSE,4.9,Intermediate
User Experience Research and Design,University of Michigan,SPECIALIZATION,4.8,Beginner
User Interface Design,University of Minnesota,SPECIALIZATION,4.6,Intermediate
Using Databases with Python,University of Michigan,COURSE,4.8,Mixed
Using Python to Access Web Data,University of Michigan,COURSE,4.8,Mixed
Using Python to Interact with the Operating System,Google,COURSE,4.7,Beginner
Value Chain Management,University of Illinois at Urbana-Champaign,SPECIALIZATION,4.7,Intermediate
Version Control with Git,Atlassian,COURSE,4.8,Mixed
Viral Marketing and How to Craft Contagious Content,University of Pennsylvania,COURSE,4.7,Mixed
Virtual Reality,"Goldsmiths, University of London",SPECIALIZATION,4.7,Beginner
Virtual Teacher,"University of California, Irvine",SPECIALIZATION,4.3,Beginner
Vital Signs: Understanding What the Body Is Telling Us,University of Pennsylvania,COURSE,4.8,Mixed
Web Applications for Everybody,University of Michigan,SPECIALIZATION,4.8,Intermediate
Web Design for Everybody: Basics of Web Development & Coding,University of Michigan,SPECIALIZATION,4.7,Beginner
Weight Management: Beyond Balancing Calories,Emory University,COURSE,4.7,Beginner
What Is Contemporary Art?,The Museum of Modern Art,COURSE,4.7,Beginner
What future for education?,UCL Institute of Education,COURSE,4.7,Mixed
What is Compliance?,University of Pennsylvania,COURSE,4.8,Mixed
What is Data Science?,IBM,COURSE,4.7,Beginner
What is Social?,Northwestern University,COURSE,4.6,Mixed
Wine Tasting: Sensory Techniques for Wine Analysis,"University of California, Davis",COURSE,4.7,Beginner
Wonders of Ancient Egypt,University of Pennsylvania,COURSE,4.8,Intermediate
Write A Feature Length Screenplay For Film Or Television,Michigan State University,COURSE,4.9,Beginner
Write Professional Emails in English,Georgia Institute of Technology,COURSE,4.7,Mixed
Write Your First Novel,Michigan State University,COURSE,4.4,Beginner
Writing in the Sciences,Stanford University,COURSE,4.9,Beginner
e-Learning Ecologies: Innovative Approaches to Teaching and Learning for the Digital Age,University of Illinois at Urbana-Champaign,COURSE,4.5,Mixed
iOS App Development with Swift,University of Toronto,SPECIALIZATION,3.9,Intermediate